"id","name","created_at","updated_at"
1,Pelayan Firman,"2025-06-08 17:06:55","2025-06-08 17:06:55"
2,Pendamping,"2025-06-08 17:06:55","2025-06-08 17:06:55"
3,Worship Leader,"2025-06-08 17:06:55","2025-06-08 17:06:55"
4,Singer,"2025-06-08 17:06:55","2025-06-08 17:06:55"
5,Keyboard Leader,"2025-06-08 17:06:55","2025-06-08 17:06:55"
6,Keyboard Filler,"2025-06-08 17:06:55","2025-06-08 17:06:55"
7,Gitar,"2025-06-08 17:06:55","2025-06-08 17:06:55"
8,Bass,"2025-06-08 17:06:55","2025-06-08 17:06:55"
9,Drum,"2025-06-08 17:06:55","2025-06-08 17:06:55"
10,Multimedia,"2025-06-08 17:06:55","2025-06-08 17:06:55"
11,Tambourine,"2025-06-08 17:06:55","2025-06-08 17:06:55"
12,Kolekte,"2025-06-08 17:06:55","2025-06-08 17:06:55"
13,Warta,"2025-06-08 17:06:55","2025-06-08 17:06:55"
14,Penerima Tamu,"2025-06-08 17:06:55","2025-06-08 17:06:55"
15,Kajon,"2025-06-22 16:59:12","2025-06-22 16:59:12"
